alloy_id,comp_Ni,comp_Fe,comp_Cr,comp_Nb,comp_Ta,comp_Co,comp_Mo,comp_Al,comp_Ti,desc_cond_grain_size_median_um,desc_cond_grain_size_log_spread,desc_cond_area_weighted_aspect_ratio,desc_cond_coarse_grain_area_fraction,desc_cond_boundary_length_density_per_um,desc_std_grain_size_median_um,desc_std_grain_size_log_spread,desc_std_area_weighted_aspect_ratio,desc_std_coarse_grain_area_fraction,desc_std_boundary_length_density_per_um,curve_baseline_stress_at_0p5_pct_MPa,curve_baseline_stress_at_1p0_pct_MPa,curve_baseline_stress_at_2p0_pct_MPa,curve_baseline_stress_at_5p0_pct_MPa,curve_baseline_stress_at_10p0_pct_MPa,curve_baseline_peak_stress_MPa,curve_baseline_peak_strain_pct,curve_baseline_endpoint_strain_pct,curve_baseline_endpoint_stress_MPa
ID01,43.0,36.1,15.0,2.5,0.0,0.0,0.0,0.4,3.0,8.191245945185571,0.6885178279027935,2.445443702822096,0.7160388551016994,0.1396054849484699,1.103979040069258,0.0111770490691302,0.0497007254059381,0.0551341762283249,0.0188217995770344,773.3058586688295,835.2043526481759,1025.9523189527024,1171.05619697088,1258.9720169635518,1276.2190863840888,11.954816302359236,11.954816302359236,1276.2190863840888
ID02,42.0,37.4,15.0,2.5,0.0,0.0,0.0,0.6,2.5,9.267795547175524,0.7881529508897268,2.2058420666288296,0.9146658686081596,0.0642761983964225,0.7933918551314512,0.0308842004112431,0.0750439265583241,0.0122746530270295,0.0132042841427171,614.2663904924054,986.757777812216,1081.646703171644,1104.039943295064,1244.756829739769,1249.27048724812,13.22328587358881,14.614391912804548,1249.27048724812
ID04,43.0,36.8,15.0,2.5,0.0,0.0,0.0,0.2,2.5,12.093456266660402,0.7870398629846862,2.1550926721883266,0.8348453052371804,0.0900888415840582,0.7938731877463994,0.0341488698445679,0.0507281157991009,0.049647384083905,0.0080432097475466,829.057035997766,1060.6140320867698,1120.1568754367463,1121.1643098526638,1250.5974251473458,1250.5974251473458,12.424415507237848,13.968185307937034,1250.5974251473458
ID05,41.0,38.7,15.0,2.5,0.0,0.0,0.0,0.8,2.0,17.044826571874477,0.8792460404519008,2.1506893269270084,0.8993299475280568,0.0744107601081703,1.028297146815299,0.014649630570724,0.1062837349388551,0.0450391939293854,0.0132918219402111,849.6797136528431,972.47948200958,1063.0518841181138,1152.4319828577884,1251.1773035400804,1291.966313409422,15.782084879130856,19.475221689115497,1276.4362163562037
ID06,42.0,36.8,16.0,2.5,0.0,0.0,0.0,0.2,2.5,10.574727350773532,0.7725560125423825,2.0876536631348603,0.9197268885325652,0.0467522210149612,0.5474459314594273,0.0255589399665344,0.1528488496755395,0.0612923117365926,0.0081016465102986,931.4564777908809,980.8877462936324,1067.6488381816805,1138.090778502488,1210.321548009135,1233.978386344927,16.31020985105841,21.562501093809683,1233.5429313836607
ID07,43.0,36.5,15.0,2.5,0.0,0.0,0.0,1.0,2.0,17.275210011557107,0.8315373059228934,2.081109405403692,0.8739047333634254,0.0858456295041982,0.6692248113157998,0.0293115693843331,0.1088623723893908,0.0600848178985356,0.0202753195553819,553.4965525709958,923.243576802706,992.5799497483124,1104.3902312655773,1204.958026188625,1252.7629163340432,17.37278785748129,20.054689524049717,1242.2037708330392
ID08,43.0,36.2,15.0,2.5,0.2,0.0,0.0,0.6,2.5,10.718981547176377,0.7724166474965426,2.1788650995638426,0.7818063717456429,0.1134677495406243,1.7865880814731825,0.0318329352070613,0.0753803821059623,0.03621745660311,0.0060883587595492,761.4222852460246,1006.4867900225012,1076.8772613005187,1109.7370708547005,1248.4378042513804,1267.1768590588586,14.558130947701788,14.732665452182008,1267.1768590588586
ID09,43.0,36.9,15.0,2.5,0.0,0.0,0.0,0.6,2.0,15.94029537452729,0.8492141241833636,2.221727827054304,0.8947949148500624,0.0792932421715404,0.2531698006249483,0.0304780323746618,0.0218604103207952,0.061459583344522,0.0185886135260615,835.6719823824297,999.932992676758,1084.315967941444,1194.807306150697,1266.7836301887914,1320.005197032553,16.116696139649825,23.742309100722814,1297.4081575167993
ID10,42.0,36.8,15.0,3.0,0.0,0.0,0.0,0.2,3.0,8.203404396059657,0.6464993591874886,2.2562401639859093,0.5938942717261325,0.1423097513823314,1.121347440165522,0.0106810765648619,0.0917317777420915,0.0468889559839559,0.0208363522471495,773.8734650696559,814.7700078946846,979.8039475447716,1163.8671083212178,1189.3909907696675,1198.5056093552398,13.858968118074309,18.925332466060027,1198.5056093552398
ID11,45.0,32.5,17.0,3.5,0.0,0.0,0.0,0.2,1.8,26.67817775300941,0.8954949597395476,2.477863111738257,0.9684312340538924,0.050690905857428,1.1583285249457085,0.0271042059012218,0.0329135346916066,0.0135054583553624,0.0067488949285059,1087.4933139244577,1117.2362666682973,1143.6730081668263,1235.0045901692208,1235.0045901692208,1301.7441824398015,14.68122739272617,23.38739045855141,1203.6212567770444
ID12,45.0,33.0,17.0,3.5,0.0,0.0,0.0,0.5,1.0,22.43169320205116,0.8331162904041417,2.152175547584817,0.9462270672848692,0.0650741323618198,2.67731550158692,0.0443155829280323,0.0964891026404194,0.0166667001864294,0.0061066255115964,863.2766157028266,923.652717672855,971.96893837274,1011.70000567815,1074.203790664054,1150.077805955245,26.53996479906589,33.41327498087714,1096.626901065733
ID13,45.0,30.5,17.0,3.5,0.0,0.0,2.0,0.2,1.8,21.042824920983723,0.8987211235110222,2.2823973948771936,0.9397421733310948,0.0561533222735872,1.8067801077784105,0.0385334860672089,0.0311286415644586,0.0140813547846878,0.0129652307098006,767.7546126542054,1048.5678789923722,1055.325252774899,1082.0908758754638,1167.0703425696252,1167.0703425696252,21.856617373685385,29.99404850695022,1119.9283757290198
ID14,45.0,31.0,17.0,3.5,0.0,0.0,2.0,0.5,1.0,21.183390716442556,0.9392000211531736,2.457140254175408,0.9424882551098812,0.0502175102992234,2.7838612612572766,0.0372944469157084,0.0954680321811745,0.0167956160279984,0.0133482812288384,1093.724433060731,1151.7331266035842,1183.3216825963832,1221.6007219272092,1260.4263532372613,1272.900868320566,19.19429852783464,26.68718070136421,1236.4681349466227
ID15,45.0,29.0,17.0,3.5,0.0,0.0,2.0,0.5,3.0,12.370226697031548,0.6310678496559784,2.45233513157031,0.5050715185071242,0.1765500451326672,3.347411312820025,0.049744611892999,0.1673869324151288,0.0221662814476316,0.0103846459283133,1013.8152178116771,1032.8509919988558,1067.3340620564095,1174.841267413448,1178.9215487900929,1218.6521118599933,14.315308270344792,14.315308270344792,1218.6521118599933
ID16,55.0,21.0,17.0,5.0,0.0,0.0,0.0,0.2,1.8,18.80794840775139,0.8720445400422321,2.2679350499195543,0.9399282058673244,0.0567229179979513,2.51167750125238,0.0439368904978524,0.1218542393000265,0.0136370581541993,0.0067097128353453,979.4256168920188,1155.547239170193,1239.9196204579432,1243.6850604620322,1323.7314076789808,1343.3215571773055,16.89246215226374,24.8260065407518,1271.951789947184
ID17,55.0,21.5,17.0,5.0,0.0,0.0,0.0,0.5,1.0,21.009301406752837,0.9452200564732592,2.231493331010863,0.9676894560570644,0.0396108632362883,2.784286944830476,0.031533318871653,0.1261906980158184,0.0168514519956628,0.0055947988665257,915.43784609544,1182.9322084765847,1224.537699319504,1269.6302715506963,1352.3120984599534,1354.0358177674232,13.947789199841717,20.40583486961009,1343.597180397405
ID18,55.0,19.0,17.0,5.0,0.0,0.0,2.0,0.2,1.8,24.876780884244305,0.862202155558783,2.2964323180901256,0.9694582302649378,0.0527429015896695,2.245387397490924,0.0405578947920879,0.1118214960238526,0.0141291313240077,0.0136322814614665,958.6803598883612,1204.7355138447665,1262.1731675808894,1313.945655656335,1331.519885105669,1351.370847610492,14.828471539055585,17.829792504922718,1351.370847610492
ID19,55.0,19.5,17.0,5.0,0.0,0.0,2.0,0.5,1.0,23.23520877268773,0.8550277359775432,2.397330262335735,0.9697151566272032,0.0501709630596897,2.8616451416747086,0.0295842603272062,0.0445454587709747,0.0170354433751895,0.005657426830746,1023.1528514112192,1044.8421068240598,1168.7828289054578,1319.214836535726,1352.4825289053367,1378.6235171512735,17.445435327163715,26.655352732603134,1276.4644648184103
ID20,55.0,17.5,17.0,5.0,0.0,0.0,2.0,0.5,3.0,6.931346047482897,0.8326289766147249,2.1057446297054176,0.7057470868586725,0.1451840729736699,3.695198709608293,0.0867608423875438,0.0693529589726376,0.021727755204137,0.0112935533928978,869.319795961312,926.6497652768574,1066.1126889726695,1196.914694117842,1257.8816751379022,1309.4130336080736,14.20062351690947,16.088355445392754,1232.3734593609165
ID21,51.95,5.82,15.97,2.9,0.0,15.34,2.5,2.53,2.99,16.329250000000002,0.7359392971871972,2.259706363460212,0.8550492530127813,0.0842567400771548,6.005927143507985,0.1144214078524606,0.1381281773377299,0.1355040624617207,0.0399259755003964,865.2648433535358,983.3511912550518,1099.53564272411,1185.8812208790782,1249.1254507191195,1273.223385250612,15.993736517681835,19.95545510105372,1255.444768640711
ID22,41.5,37.65,16.0,2.9,0.0,0.0,0.0,0.2,1.75,20.31373927720476,0.8474060933682079,2.315673444212564,0.9360643978503924,0.0557272148282914,1.846093071565132,0.0296409136883608,0.1040002623723495,0.0718362170725076,0.0215866742569028,909.69542692083,952.5101976568247,1063.2497928697358,1078.008657952491,1186.6951811394968,1221.7515874404594,14.664528185833344,14.664528185833344,1219.9566230996084
