alloy_id,curve_true_stress_at_0p5_pct_MPa,curve_true_stress_at_1p0_pct_MPa,curve_true_stress_at_2p0_pct_MPa,curve_true_stress_at_5p0_pct_MPa,curve_true_stress_at_10p0_pct_MPa,curve_true_peak_stress_MPa,curve_true_peak_strain_pct,curve_true_endpoint_strain_pct,curve_true_endpoint_stress_MPa
ID01,651.0210129255391,815.1780208370959,943.278161607474,1092.090689536133,1193.2246705432049,1215.68818173308,13.02528516956265,13.02528516956265,1215.353540660705
ID02,774.441184466419,1007.862930708308,1096.85905107303,1194.3771586642465,1275.1028103773226,1291.35414605091,14.975713686439708,15.405656509696186,1290.85592790526
ID04,747.743608441056,980.8866476308508,1065.161665550606,1158.632499945687,1236.3097249010102,1254.749060379375,13.449286656831196,14.436997559504938,1252.6603057841348
ID05,428.1177629114416,962.6806893205472,1073.4716401590697,1185.9766693107226,1284.4452585153597,1329.80578016422,17.157016916310308,22.1853665737662,1302.50069342268
ID06,937.1613312605964,1062.6860847645398,1122.7666430866218,1211.2646721819128,1286.171558434534,1302.4708493111,12.377212099919088,12.73101671031589,1300.99243960431
ID07,853.6337117655006,1000.4779535370128,1084.664726566623,1200.4739751730608,1293.8259615187944,1329.97986841365,15.078452849770873,17.465073070804404,1316.62884537697
ID08,974.2654358223598,1070.1132735418082,1130.0357991510834,1222.2457449780077,1301.8891318255403,1317.50793238635,14.067530134568273,14.790396392596891,1310.26093789991
ID09,837.9294638241898,922.8146597646496,992.7020200130692,1104.652456137283,1206.4705537125517,1248.49085994013,16.942300860949633,19.944569751612185,1244.21368378891
ID10,634.5742169171348,776.1913928603828,897.686767410235,1038.211064936994,1131.6876828687411,1150.28826488001,12.165177718786335,12.165177718786335,1150.28826488001
ID11,1000.8701120500376,1044.9995077903427,1080.7190878853878,1125.40185965132,1166.8481588679097,1207.27403248396,22.14050343511844,30.494450278773844,1174.86740313464
ID12,1104.1022389333048,1151.2126694339604,1184.318982162744,1221.5229194896474,1248.5173834040702,1265.7784846853951,18.38697676609643,25.380338241500223,1237.2178249099452
ID13,986.3459677532838,1061.2880027207752,1107.4448929208922,1160.7785371975992,1204.2692228591277,1244.25551117878,22.54492565524547,27.61701576876142,1230.568315046525
ID14,854.6769928470173,922.4563710882884,969.1189104824848,1030.3961555022506,1087.7539137412,1172.46961298733,28.74481350369777,37.15049650290669,1118.66857061374
ID15,658.6859491471597,782.441603984759,897.1964130258874,1065.083202558293,1174.407577501844,1184.00408009667,10.48379101078094,10.48379101078094,1182.95187134967
ID16,929.7930131917471,1280.673704968104,1349.7629894426768,1389.585985900051,1394.2002183597417,1397.02665830813,8.39915851230215,10.975718603870275,1388.93475425565
ID17,1084.3679545574057,1178.5810421577733,1228.8401479044487,1267.7659388586474,1286.318156638904,1292.38176633478,15.254920953387586,19.6177348224488,1281.48699335831
ID18,952.4926414687149,1249.3298586294052,1323.1963642480691,1365.5395739884711,1379.8244995774885,1384.19713175707,14.599550843828002,23.15986946589737,1364.27574688614
ID19,1090.160116468405,1182.6080679011966,1221.636908190389,1258.0784806489437,1284.3264870370035,1301.26541218905,19.69663740430856,30.109775799912832,1266.41297026007
ID20,829.995271764918,996.3393709751082,1134.6260719946908,1293.3726605438044,1377.7565376961918,1381.01222881129,11.220979606062276,11.220979606062276,1381.01222881129
ID21,1210.0518903647885,1259.2463717987475,1294.635852249588,1367.7875469887258,1476.2477872676875,1531.49954552426,16.95361484016422,18.61651906964688,1529.65511101084
ID22,974.9188805544852,1047.5974265156651,1087.2256116065903,1132.174172378573,1169.1595060022996,1194.40571826387,19.16449656969545,30.749392463587768,1097.091629038155
